<?xml version="1.0" encoding="UTF-8"?>
    <templates id="bi_pos_discount_template" inherit_id="point_of_sale.template" xml:space="preserve">

	
	
	   <!-- Orderline WIdget -->
     
	   <t t-extend="Orderline">
		    <t t-jquery=".info-list" t-operation="replace">
		     
		        <ul class="info-list">
		        	<!-- <t t-if="line.get_note()">
		                <li class="info orderline-note">
		                    <i class='fa fa-tag'/><t t-esc="line.get_note()" />
		                </li>
		            </t> -->
		            <t t-if="line.get_quantity_str() !== '1' || line.selected ">
		                <li class="info">
		                    <em>
		                        <t t-esc="line.get_quantity_str()" />
		                    </em>
		                    <t t-esc="line.get_unit().name" />
		                    at
		                    <t t-esc="widget.format_currency(line.get_unit_display_price(),'Product Price')" />
		                    /
		                    <t t-esc="line.get_unit().name" />
		                </li>
		            </t>
		            <t t-if="line.get_discount_str() !== '0'">
		                
		                <t t-if="widget.pos.config.discount_type == 'percentage'">
				            <li class="info">
				                With a
				                <em>
				                    <t t-esc="line.get_discount_str()" />%
				                </em>
				                discount
				            </li>
				        </t>
		                
		                <t t-if="widget.pos.config.discount_type == 'fixed'">
				            <li class="info">
				                With a
				                <em>
				                    <t t-esc="widget.format_currency(line.get_discount_str())"/>
				                </em>
				                discount
				            </li>
		                </t>
		                
		            </t>
            	</ul>
            	
		    </t>
		</t>
 

		<!-- Add discount_type in PosTicket -->
		<t t-extend="PosTicket">
		    
		    <t t-jquery="table[class*='receipt-orderlines']" t-operation="replace">

		        <table class='receipt-orderlines'>
		            <colgroup>
		                <col width='50%' />
		                <col width='25%' />
		                <col width='25%' />
		            </colgroup>
		            <tr t-foreach="orderlines" t-as="orderline">
		                <td>
		                    <t t-esc="orderline.get_product().display_name"/>
		                     <t t-if="orderline.get_discount() > 0">
		                        
		                        <t t-if="widget.pos.config.discount_type == 'percentage'">
				                    <div class="pos-disc-font">
				                        With a <t t-esc="orderline.get_discount()"/>% discount
				                    </div>
		                        </t>
		                        <t t-if="widget.pos.config.discount_type == 'fixed'">
				                    <div class="pos-disc-font">
				                        With a <t t-esc="widget.format_currency(orderline.get_discount())"/> discount
				                    </div>
		                        </t>
		                    </t>
		                </td>
		                <td class="pos-right-align">
		                    <t t-esc="orderline.get_quantity_str_with_unit()"/>
		                </td>
		                <td class="pos-right-align">
		                    <t t-esc="widget.format_currency(orderline.get_display_price())"/>
		                </td>
		            </tr>
		        </table>

		    </t>


		    <t t-jquery="table[class*='receipt-total']" t-operation="replace">

		        <table class='receipt-total'>
		            <tr>
		                <td>Subtotal:</td>
		                <td class="pos-right-align">
		                    <t t-esc="widget.format_currency(order.get_total_without_tax())"/>
		                </td>
		            </tr>
		            <t t-foreach="order.get_tax_details()" t-as="taxdetail">
		                <tr>
		                    <td><t t-esc="taxdetail.name" /></td>
		                    <td class="pos-right-align">
		                        <t t-esc="widget.format_currency(taxdetail.amount)" />
		                    </td>
		                </tr>
		            </t>
		            <tr>
		                <td>Discount:</td>
		                
		                <t t-if="widget.pos.config.discount_type == 'percentage'">
				            <td class="pos-right-align">
				                <t t-esc="widget.format_currency(order.get_total_discount())"/>
				            </td>
		                </t>
		                
		                <t t-if="widget.pos.config.discount_type == 'fixed'">
				            <td class="pos-right-align">
				                <t t-esc="widget.format_currency(order.get_fixed_discount())"/>
				            </td>
		                </t>
		                
		                
		            </tr>
		            <tr class="emph">
		                <td>Total:</td>
		                <td class="pos-right-align">
		                    <t t-esc="widget.format_currency(order.get_total_with_tax())"/>
		                </td>
		            </tr>
		        </table>

		    </t>
		    
		    	   
		</t> 		
		
		 
 

  	</templates>


