<?xml version="1.0" encoding="UTF-8"?>
<templates id="template" xml:space="preserve">
    <t t-name="WVPosKitchenReceiptButton">
        <div class='control-button order-submit'>
            <i class="fa fa-cutlery"></i>
            Kitchen Order
        </div>
    </t>
    <t t-name="KitchenOrderChangeReceipt">
        <div class="pos-sale-ticket">
            <div class="pos-center-align">
            <div size='normal' ><t t-esc="changes.name" /></div>
            <t t-if="changes.floor || changes.table">
                <br />
                <div><span><t t-esc="changes.floor" /></span> / <span bold='on' size='double'><t t-esc="changes.table"/></span></div>
            </t>
        </div>
            <br />
            <t t-if="changes.cancelled.length > 0">
                <div color='red'>
                    <div><b>CANCELLED<t t-esc='changes.time.hours' />:<t t-esc='changes.time.minutes' /></b> </div>
                    <table>
                        <colgroup>
                            <col width='45%' />
                            <col width='45%' />
                            <col width='10%' />
                        </colgroup>
                        <t t-foreach="changes.cancelled" t-as="change">
                            <tr>
                                <td><t t-esc="change.name" /></td>
                                <td>
                                <t t-if="change.note">
                                    <t t-esc="change.note" />
                                </t>
                                </td>
                                <td><t t-esc="change.qty" /></td>
                            </tr>
                        </t>
                    </table>
                </div>
            </t>
            <t t-if="changes.new.length > 0">
                <div><b>NEW <t t-esc='changes.time.hours' />:<t t-esc='changes.time.minutes' /></b></div>
                <table>
                    <colgroup>
                        <col width='45%' />
                        <col width='45%' />
                        <col width='10%' />
                    </colgroup>
                    <t t-foreach="changes.new" t-as="change">
                        <tr>
                            <td><t t-esc="change.name" /></td>
                            <td>
                                <t t-if="change.note">
                                    <t t-esc="change.note" />
                                </t>
                            </td>
                            <td><t t-esc="change.qty" /></td>
                        </tr>
                    </t>
                </table>
            </t>
        </div>
    </t>
    
    
    <t t-name="KitchenReceiptScreenWidget">
        <div class='receipt-screen screen'>
            <div class='screen-content'>
                <div class='top-content'>
                    <span class='button back'>
                        <i class='fa fa-angle-double-left'></i>
                        Back
                    </span>
                    <h1>Kitchen Receipt Printing</h1>
                    <span class='button next'>
                        Ok 
                        <i class='fa fa-angle-double-right'></i>
                    </span>
                </div>
                <div class="centered-content">
                    <div class="button print">
                        <i class='fa fa-print'></i> Print 
                    </div>
                    <div class="pos-receipt-container">
                    </div>
                </div>
            </div>
        </div>
    </t>
</templates>
